,unknown,action,adventure,animation,childrens,drama,comedy,crime,documentary,western,Cluster
0,1.1570414838315606,-0.021559584085413253,-0.5790219416334126,0.5705469131754177,1.6653345369377348e-15,0.0,0.0,0.0,0.0,0.0,1
1,-0.4195266820096841,-0.557317267578354,-0.12182771280740232,0.7060827392969323,1.6280430675386825e-15,0.0,0.0,0.0,0.0,0.0,0
2,-0.2622041762560526,-0.34832329223647124,-0.07614232050462645,0.4413017120605827,1.0175269172116766e-15,0.0,0.0,0.0,0.0,0.0,0
3,-0.3146450115072631,-0.4179879506837655,-0.09137078460555173,0.5295620544726992,1.2210323006540119e-15,0.0,0.0,0.0,0.0,0.0,0
4,0.8964443130229645,-0.7790790159813926,0.6452205944606638,0.560123972875717,1.4432899320127035e-15,0.0,0.0,0.0,0.0,0.0,1
5,-0.06365775454709566,0.6932653277695404,0.42037268798671984,0.5819086515884032,1.32000588894597e-15,0.0,0.0,0.0,0.0,0.0,0
6,-0.3146450115072631,-0.4179879506837655,-0.09137078460555173,0.5295620544726992,1.2210323006540119e-15,0.0,0.0,0.0,0.0,0.0,0
